<?xml version="1.0" encoding="UTF-8"?>
<project-private xmlns="http://www.netbeans.org/ns/project-private/1">
    <editor-bookmarks xmlns="http://www.netbeans.org/ns/editor-bookmarks/2" lastBookmarkId="0"/>
    <open-files xmlns="http://www.netbeans.org/ns/projectui-open-files/2">
        <group>
            <file>file:/C:/Users/Sailesh/Documents/NetBeansProjects/Nosqplpj/src/nosqplpj/Nosqplpj.java</file>
            <file>file:/C:/Users/Sailesh/Documents/NetBeansProjects/Nosqplpj/src/nosqplpj/edit_form.java</file>
            <file>file:/C:/Users/Sailesh/Documents/NetBeansProjects/Nosqplpj/src/nosqplpj/Signup.java</file>
            <file>file:/C:/Users/Sailesh/Documents/NetBeansProjects/Nosqplpj/src/nosqplpj/AddCompany.java</file>
            <file>file:/C:/Users/Sailesh/Documents/NetBeansProjects/Nosqplpj/src/nosqplpj/CompanyDetails.java</file>
            <file>file:/C:/Users/Sailesh/Documents/NetBeansProjects/Nosqplpj/src/nosqplpj/Login.java</file>
        </group>
    </open-files>
</project-private>
